"posting_date","currency_date","amount","category"
"29.11.2025","29.11.2025",-41.66,"Jedzenie"
"29.11.2025","29.11.2025",-45,"Prezenty"
"29.11.2025","28.11.2025",-9.06,"Jedzenie"
"28.11.2025","28.11.2025",-24.99,"Biezace"
"28.11.2025","28.11.2025",-1.99,"Jedzenie"
"28.11.2025","28.11.2025",-23.85,"Gotowe jedzenie"
"28.11.2025","28.11.2025",-7.28,"Jedzenie"
"27.11.2025","27.11.2025",-30,"Gotowe jedzenie"
"27.11.2025","27.11.2025",-4,"Gotowe jedzenie"
"27.11.2025","27.11.2025",-4,"Gotowe jedzenie"
"26.11.2025","26.11.2025",-8,"Gotowe jedzenie"
"26.11.2025","26.11.2025",-6,"Gotowe jedzenie"
"26.11.2025","26.11.2025",-3.69,"Jedzenie"
"26.11.2025","26.11.2025",-3.19,"Jedzenie"
"26.11.2025","26.11.2025",-7,"Jedzenie"
"25.11.2025","25.11.2025",-29,"Biezace"
"25.11.2025","25.11.2025",-4,"Gotowe jedzenie"
"25.11.2025","25.11.2025",-9.6,"Jedzenie"
"24.11.2025","24.11.2025",-22.36,"Jedzenie"
"22.11.2025","22.11.2025",-5.37,"Jedzenie"
"22.11.2025","22.11.2025",-2.3,"Jedzenie"
"21.11.2025","21.11.2025",-11.66,"Jedzenie"
"21.11.2025","21.11.2025",4,"Jedzenie"
"21.11.2025","21.11.2025",-4,"Gotowe jedzenie"
"20.11.2025","20.11.2025",-3.29,"Jedzenie"
"20.11.2025","20.11.2025",-27,"Jedzenie"
"20.11.2025","20.11.2025",-50,"Jedzenie"
"20.11.2025","20.11.2025",-4,"Gotowe jedzenie"
"20.11.2025","20.11.2025",-6,"Gotowe jedzenie"
"20.11.2025","20.11.2025",-6.99,"Jedzenie"
"19.11.2025","19.11.2025",-0.89,"Jedzenie"
"19.11.2025","19.11.2025",-15,"Jedzenie"
"17.11.2025","17.11.2025",-11.99,"Gotowe jedzenie"
"15.11.2025","15.11.2025",-5.68,"Jedzenie"
"15.11.2025","15.11.2025",-14.74,"Jedzenie"
"15.11.2025","15.11.2025",-77.98,"Zdrowie"
"15.11.2025","15.11.2025",-269,"Zdrowie"
"15.11.2025","15.11.2025",-140,"Transport publiczny"
"15.11.2025","15.11.2025",300,"Przychody"
"14.11.2025","14.11.2025",-5.1,"Transport publiczny"
"14.11.2025","14.11.2025",-6,"Gotowe jedzenie"
"13.11.2025","13.11.2025",-39.99,"Zdrowie"
"13.11.2025","13.11.2025",-9,"Gotowe jedzenie"
"13.11.2025","13.11.2025",-9,"Gotowe jedzenie"
"13.11.2025","13.11.2025",-2.2,"Transport publiczny"
"13.11.2025","13.11.2025",-3.4,"Transport publiczny"
"13.11.2025","13.11.2025",-3.99,"Jedzenie"
"13.11.2025","13.11.2025",-1.7,"Transport publiczny"
"12.11.2025","12.11.2025",-10.33,"Jedzenie"
"12.11.2025","12.11.2025",-4,"Gotowe jedzenie"
"12.11.2025","12.11.2025",-450,"Zdrowie"
"10.11.2025","10.11.2025",-14.99,"Biezace"
"07.11.2025","07.11.2025",-5.1,"Transport publiczny"
"07.11.2025","07.11.2025",-4,"Gotowe jedzenie"
"07.11.2025","07.11.2025",-4,"Gotowe jedzenie"
"07.11.2025","07.11.2025",-5.98,"Jedzenie"
"06.11.2025","05.11.2025",-20.28,"Jedzenie"
"06.11.2025","06.11.2025",-4.78,"Jedzenie"
"06.11.2025","06.11.2025",-1.7,"Transport publiczny"
"05.11.2025","05.11.2025",-2.78,"Jedzenie"
"05.11.2025","05.11.2025",-4.48,"Jedzenie"
"05.11.2025","04.11.2025",-19.99,"Biezace"
"04.11.2025","04.11.2025",-4,"Gotowe jedzenie"
"04.11.2025","04.11.2025",-450,"Zdrowie"
"04.11.2025","04.11.2025",-57,"Podroze"
"04.11.2025","04.11.2025",-70,"Podroze"
"04.11.2025","03.11.2025",2000,"Przychody"
"31.10.2025","31.10.2025",-3.5,"Jedzenie"
"31.10.2025","31.10.2025",-3.4,"Transport publiczny"
"31.10.2025","31.10.2025",-5.54,"Jedzenie"
"31.10.2025","31.10.2025",-2.5,"Gotowe jedzenie"
"30.10.2025","30.10.2025",-42.73,"Biezace"
"30.10.2025","30.10.2025",-6.8,"Transport publiczny"
"30.10.2025","30.10.2025",-4.4,"Transport publiczny"
"30.10.2025","29.10.2025",-8.34,"Jedzenie"
"29.10.2025","29.10.2025",-1.7,"Transport publiczny"
"29.10.2025","29.10.2025",-1.7,"Transport publiczny"
"28.10.2025","28.10.2025",-6.33,"Jedzenie"
"27.10.2025","27.10.2025",-4.52,"Jedzenie"
"27.10.2025","27.10.2025",-53.59,"Podroze"
"25.10.2025","25.10.2025",-17.54,"Jedzenie"
"25.10.2025","24.10.2025",-58.19,"Podroze"
"24.10.2025","24.10.2025",-6.8,"Transport publiczny"
"24.10.2025","24.10.2025",-450,"Zdrowie"
"24.10.2025","24.10.2025",-2.61,"Biezace"
"23.10.2025","23.10.2025",-6.66,"Jedzenie"
"23.10.2025","23.10.2025",-1.7,"Transport publiczny"
"23.10.2025","23.10.2025",-10.97,"Jedzenie"
"23.10.2025","23.10.2025",-6,"Gotowe jedzenie"
"23.10.2025","23.10.2025",-4.4,"Transport publiczny"
"23.10.2025","23.10.2025",-4.5,"Jedzenie"
"22.10.2025","22.10.2025",-5.78,"Jedzenie"
"22.10.2025","22.10.2025",-6,"Gotowe jedzenie"
"21.10.2025","21.10.2025",-10.65,"Jedzenie"
"21.10.2025","21.10.2025",38.16,"Biezace"
"21.10.2025","21.10.2025",-76.32,"Biezace"
"21.10.2025","20.10.2025",-5.1,"Transport publiczny"
"20.10.2025","20.10.2025",-2.49,"Jedzenie"
"20.10.2025","20.10.2025",-11.99,"Gotowe jedzenie"
"20.10.2025","20.10.2025",-14,"Jedzenie"
"20.10.2025","20.10.2025",-10.04,"Jedzenie"
"20.10.2025","20.10.2025",-450,"Zdrowie"
"20.10.2025","19.10.2025",13,"Jedzenie"
"20.10.2025","19.10.2025",-2.2,"Transport publiczny"
"20.10.2025","19.10.2025",-2.2,"Transport publiczny"
"20.10.2025","19.10.2025",-4.6,"Jedzenie"
"18.10.2025","18.10.2025",-51.97,"Jedzenie"
"18.10.2025","18.10.2025",-3.4,"Transport publiczny"
"18.10.2025","17.10.2025",-2.2,"Transport publiczny"
"18.10.2025","17.10.2025",-6.7,"Jedzenie"
"17.10.2025","17.10.2025",-8.28,"Jedzenie"
"17.10.2025","17.10.2025",-1.19,"Jedzenie"
"17.10.2025","17.10.2025",-6.95,"Jedzenie"
"17.10.2025","17.10.2025",-3.5,"Gotowe jedzenie"
"16.10.2025","16.10.2025",-9.52,"Jedzenie"
"16.10.2025","16.10.2025",-1.89,"Jedzenie"
"15.10.2025","15.10.2025",-6.8,"Transport publiczny"
"15.10.2025","15.10.2025",-4.05,"Jedzenie"
"14.10.2025","14.10.2025",-8.28,"Jedzenie"
"14.10.2025","14.10.2025",-5,"Gotowe jedzenie"
"14.10.2025","14.10.2025",-10,"Gotowe jedzenie"
"14.10.2025","13.10.2025",-5.1,"Transport publiczny"
"13.10.2025","13.10.2025",-11.99,"Gotowe jedzenie"
"13.10.2025","13.10.2025",-1.7,"Transport publiczny"
"13.10.2025","13.10.2025",8.15,"Jedzenie"
"13.10.2025","13.10.2025",398.76,"Podroze"
"13.10.2025","13.10.2025",-8.15,"Jedzenie"
"13.10.2025","13.10.2025",-8.27,"Jedzenie"
"13.10.2025","12.10.2025",-2.99,"Jedzenie"
"13.10.2025","12.10.2025",300,"Przychody"
"11.10.2025","11.10.2025",-4.4,"Transport publiczny"
"11.10.2025","11.10.2025",-29.21,"Jedzenie"
"10.10.2025","10.10.2025",-21.9,"Zdrowie"
"10.10.2025","10.10.2025",-46.22,"Jedzenie"
"10.10.2025","10.10.2025",-270,"Sport"
"10.10.2025","10.10.2025",-3,"Gotowe jedzenie"
"10.10.2025","10.10.2025",-14.99,"Biezace"
"09.10.2025","09.10.2025",-3,"Gotowe jedzenie"
"09.10.2025","09.10.2025",-39.89,"Ubrania"
"09.10.2025","09.10.2025",-54.35,"Ubrania"
"08.10.2025","08.10.2025",-7.28,"Jedzenie"
"08.10.2025","08.10.2025",-3.5,"Gotowe jedzenie"
"08.10.2025","08.10.2025",-3.4,"Transport publiczny"
"07.10.2025","07.10.2025",-15.75,"Jedzenie"
"07.10.2025","07.10.2025",-1.7,"Transport publiczny"
"07.10.2025","07.10.2025",-14.85,"Gotowe jedzenie"
"07.10.2025","07.10.2025",-7,"Jedzenie"
"07.10.2025","07.10.2025",-1.7,"Transport publiczny"
"06.10.2025","06.10.2025",-54.95,"Biezace"
"06.10.2025","06.10.2025",-11.99,"Gotowe jedzenie"
"06.10.2025","06.10.2025",-3.89,"Jedzenie"
"06.10.2025","06.10.2025",-56.52,"Jedzenie"
"06.10.2025","05.10.2025",-4.72,"Jedzenie"
"06.10.2025","05.10.2025",-2,"Jedzenie"
"04.10.2025","04.10.2025",-20.24,"Jedzenie"
"04.10.2025","04.10.2025",-14,"Gotowe jedzenie"
"04.10.2025","04.10.2025",-2.89,"Jedzenie"
"04.10.2025","04.10.2025",-38.5,"Podroze"
"03.10.2025","03.10.2025",-38.5,"Podroze"
"02.10.2025","02.10.2025",-1.7,"Transport publiczny"
"02.10.2025","02.10.2025",-23.98,"Jedzenie"
"02.10.2025","02.10.2025",-21.98,"Biezace"
"02.10.2025","02.10.2025",-9.91,"Jedzenie"
"02.10.2025","02.10.2025",-11.69,"Jedzenie"
"01.10.2025","01.10.2025",-31.5,"Biezace"
"01.10.2025","01.10.2025",-87,"Biezace"
"01.10.2025","01.10.2025",-3.99,"Kosmetyki"
"01.10.2025","01.10.2025",-4.51,"Jedzenie"
"01.10.2025","01.10.2025",1500,"Przychody"
"01.10.2025","30.09.2025",-247.98,"Sport"
"30.09.2025","30.09.2025",-48.95,"Jedzenie"
"29.09.2025","29.09.2025",-1.7,"Transport publiczny"
"29.09.2025","29.09.2025",-11.99,"Gotowe jedzenie"
"29.09.2025","29.09.2025",-3,"Gotowe jedzenie"
"29.09.2025","29.09.2025",150,"Przychody"
"29.09.2025","29.09.2025",-2,"Transport publiczny"
"26.09.2025","25.09.2025",-25,"Podroze"
"25.09.2025","25.09.2025",-5.85,"Jedzenie"
"25.09.2025","25.09.2025",-1.6,"Transport publiczny"
"25.09.2025","25.09.2025",-3.75,"Kosmetyki"
"25.09.2025","25.09.2025",-1.6,"Transport publiczny"
"24.09.2025","24.09.2025",-26,"Gotowe jedzenie"
"23.09.2025","23.09.2025",-1.6,"Transport publiczny"
"23.09.2025","23.09.2025",-1.6,"Transport publiczny"
"23.09.2025","23.09.2025",-106,"Sport"
"22.09.2025","22.09.2025",-3.14,"Jedzenie"
"22.09.2025","22.09.2025",-2,"Transport publiczny"
"19.09.2025","19.09.2025",-400,"Kosmetyki"
"19.09.2025","19.09.2025",350,"Przychody"
"18.09.2025","18.09.2025",-139,"Kino i teatr"
"18.09.2025","18.09.2025",-3.75,"Transport publiczny"
"18.09.2025","18.09.2025",-2.4,"Transport publiczny"
"18.09.2025","18.09.2025",-3.75,"Transport publiczny"
"18.09.2025","18.09.2025",-6.8,"Jedzenie"
"17.09.2025","17.09.2025",-24.25,"Jedzenie"
"17.09.2025","17.09.2025",-212.96,"Kosmetyki"
"17.09.2025","17.09.2025",833.47,"Podroze"
"10.09.2025","10.09.2025",-14.99,"Biezace"
"05.09.2025","05.09.2025",-30.39,"Ubrania"
"03.09.2025","03.09.2025",-3.4,"Transport publiczny"
"03.09.2025","03.09.2025",-479.99,"Ubrania"
"03.09.2025","03.09.2025",-14.27,"Kosmetyki"
"03.09.2025","03.09.2025",-55,"Zdrowie"
"03.09.2025","03.09.2025",-298,"Podroze"
"03.09.2025","02.09.2025",-1.7,"Transport publiczny"
"03.09.2025","02.09.2025",-1.7,"Transport publiczny"
"03.09.2025","02.09.2025",-11.99,"Jedzenie"
"02.09.2025","02.09.2025",-1070.09,"Podroze"
"02.09.2025","02.09.2025",-20.15,"Jedzenie"
"02.09.2025","02.09.2025",2000,"Przychody"
"01.09.2025","01.09.2025",-9.98,"Jedzenie"
"01.09.2025","01.09.2025",-1.7,"Transport publiczny"
"01.09.2025","01.09.2025",-27.98,"Kosmetyki"
"01.09.2025","01.09.2025",-63,"Podroze"
"01.09.2025","01.09.2025",-500,"Podroze"
"01.09.2025","01.09.2025",-55,"Podroze"
"01.09.2025","01.09.2025",-349,"Podroze"
"01.09.2025","01.09.2025",-2.2,"Transport publiczny"
"01.09.2025","01.09.2025",-167.56,"Podroze"
"01.09.2025","01.09.2025",-2.2,"Transport publiczny"
"01.09.2025","31.08.2025",-1.7,"Transport publiczny"
"01.09.2025","30.08.2025",-2.2,"Transport publiczny"
"30.08.2025","30.08.2025",-77.98,"Biezace"
"30.08.2025","30.08.2025",-318.96,"Sport"
"29.08.2025","28.08.2025",-205.93,"Podroze"
"27.08.2025","27.08.2025",-30,"Prezenty"
"27.08.2025","27.08.2025",524,"Podroze"
"27.08.2025","27.08.2025",-4.34,"Jedzenie"
"27.08.2025","27.08.2025",-100,"Biezace"
"27.08.2025","27.08.2025",-80.61,"Jedzenie"
"26.08.2025","26.08.2025",-314,"Podroze"
"26.08.2025","26.08.2025",-25,"Podroze"
"26.08.2025","26.08.2025",-227,"Podroze"
"25.08.2025","25.08.2025",-13.27,"Jedzenie"
"21.08.2025","21.08.2025",-13.74,"Jedzenie"
"21.08.2025","21.08.2025",-22.79,"Podroze"
"18.08.2025","17.08.2025",-3.5,"Jedzenie"
"18.08.2025","17.08.2025",-15,"Jedzenie"
"16.08.2025","16.08.2025",-38.16,"Jedzenie"
"16.08.2025","16.08.2025",300,"Przychody"
"16.08.2025","16.08.2025",-20.72,"Jedzenie"
"15.08.2025","15.08.2025",-9.9,"Gotowe jedzenie"
"15.08.2025","14.08.2025",-21.66,"Podroze"
"14.08.2025","14.08.2025",-2,"Transport publiczny"
"14.08.2025","14.08.2025",-11.48,"Jedzenie"
"14.08.2025","14.08.2025",-59.99,"Ubrania"
"14.08.2025","14.08.2025",-233.97,"Ubrania"
"11.08.2025","10.08.2025",-14.99,"Biezace"
"11.08.2025","10.08.2025",227,"Podroze"
"09.08.2025","09.08.2025",-2.2,"Transport publiczny"
"09.08.2025","09.08.2025",-15.39,"Jedzenie"
"09.08.2025","09.08.2025",-1.7,"Transport publiczny"
"09.08.2025","09.08.2025",-2.15,"Jedzenie"
"09.08.2025","09.08.2025",-2.15,"Jedzenie"
"09.08.2025","09.08.2025",-21.07,"Jedzenie"
"09.08.2025","09.08.2025",-12.65,"Jedzenie"
"08.08.2025","08.08.2025",-18.84,"Jedzenie"
"08.08.2025","08.08.2025",-265.24,"Podroze"
"05.08.2025","05.08.2025",-850,"Podroze"
"05.08.2025","04.08.2025",2000,"Przychody"
"21.07.2025","20.07.2025",-7,"Podroze"
"19.07.2025","19.07.2025",-7.29,"Jedzenie"
"19.07.2025","18.07.2025",-1.7,"Transport publiczny"
"18.07.2025","18.07.2025",-2.2,"Transport publiczny"
"18.07.2025","18.07.2025",-2.29,"Jedzenie"
"18.07.2025","18.07.2025",-3.4,"Transport publiczny"
"18.07.2025","18.07.2025",-6.08,"Jedzenie"
"18.07.2025","18.07.2025",-62.94,"Kosmetyki"
"18.07.2025","18.07.2025",-16.79,"Jedzenie"
"18.07.2025","18.07.2025",-5.48,"Jedzenie"
"17.07.2025","17.07.2025",-6.49,"Jedzenie"
"17.07.2025","17.07.2025",-4.35,"Jedzenie"
"17.07.2025","17.07.2025",-3.4,"Transport publiczny"
"17.07.2025","17.07.2025",250,"Sport"
"17.07.2025","17.07.2025",500,"Sport"
"16.07.2025","16.07.2025",-46,"Jedzenie"
"16.07.2025","16.07.2025",-24.99,"Transport publiczny"
"15.07.2025","15.07.2025",-1.5,"Transport publiczny"
"15.07.2025","15.07.2025",-3.99,"Jedzenie"
"15.07.2025","15.07.2025",-1.2,"Jedzenie"
"14.07.2025","13.07.2025",-4.65,"Jedzenie"
"11.07.2025","11.07.2025",-1375.18,"Podroze"
"11.07.2025","11.07.2025",-3000,"Podroze"
"11.07.2025","11.07.2025",5000,"Przychody"
"10.07.2025","10.07.2025",-14.99,"Biezace"
"08.07.2025","08.07.2025",-5.49,"Jedzenie"
"08.07.2025","08.07.2025",-2,"Transport publiczny"
"08.07.2025","08.07.2025",-26.98,"Biezace"
"08.07.2025","08.07.2025",-450,"Zdrowie"
"08.07.2025","08.07.2025",-244.97,"Sport"
"08.07.2025","08.07.2025",-8.5,"Jedzenie"
"08.07.2025","08.07.2025",-1.5,"Transport publiczny"
"08.07.2025","08.07.2025",-1.5,"Transport publiczny"
"07.07.2025","07.07.2025",-18,"Biezace"
"07.07.2025","06.07.2025",55,"Sport"
"04.07.2025","03.07.2025",-10.99,"Jedzenie"
"04.07.2025","04.07.2025",-3.5,"Jedzenie"
"04.07.2025","03.07.2025",-15,"Gotowe jedzenie"
"03.07.2025","03.07.2025",-3.5,"Jedzenie"
"03.07.2025","03.07.2025",-7.5,"Jedzenie"
"03.07.2025","03.07.2025",-3.4,"Transport publiczny"
"03.07.2025","03.07.2025",-10.48,"Jedzenie"
"03.07.2025","03.07.2025",-3.62,"Jedzenie"
"02.07.2025","02.07.2025",-6.5,"Jedzenie"
"02.07.2025","02.07.2025",-5.9,"Jedzenie"
"02.07.2025","02.07.2025",-7,"Gotowe jedzenie"
"02.07.2025","02.07.2025",-41,"Ubrania"
"01.07.2025","01.07.2025",-49.79,"Jedzenie"
"01.07.2025","01.07.2025",-8.5,"Gotowe jedzenie"
"01.07.2025","01.07.2025",-34.63,"Jedzenie"
"30.06.2025","29.06.2025",-3.99,"Jedzenie"
"28.06.2025","28.06.2025",-47.84,"Jedzenie"
"27.06.2025","27.06.2025",-454,"Podroze"
"27.06.2025","27.06.2025",-4.49,"Jedzenie"
"27.06.2025","27.06.2025",-9.52,"Jedzenie"
"26.06.2025","26.06.2025",47.44,"Podroze"
"26.06.2025","26.06.2025",-3.99,"Jedzenie"
"26.06.2025","26.06.2025",-40.4,"Biezace"
"26.06.2025","26.06.2025",-11.7,"Jedzenie"
"25.06.2025","25.06.2025",-2.79,"Jedzenie"
"24.06.2025","24.06.2025",-21.83,"Jedzenie"
"24.06.2025","24.06.2025",-4.58,"Jedzenie"
"24.06.2025","23.06.2025",-4.43,"Jedzenie"
"24.06.2025","23.06.2025",300,"Przychody"
"23.06.2025","23.06.2025",-3.29,"Jedzenie"
"23.06.2025","23.06.2025",-8.28,"Jedzenie"
"20.06.2025","20.06.2025",-3.75,"Jedzenie"
"20.06.2025","20.06.2025",-3.99,"Jedzenie"
"18.06.2025","18.06.2025",-22.12,"Jedzenie"
"18.06.2025","18.06.2025",-3.79,"Jedzenie"
"17.06.2025","17.06.2025",-7.98,"Jedzenie"
"17.06.2025","17.06.2025",-10.99,"Jedzenie"
"16.06.2025","16.06.2025",-10.51,"Jedzenie"
"16.06.2025","16.06.2025",-28,"Gotowe jedzenie"
"16.06.2025","16.06.2025",-5.48,"Jedzenie"
"16.06.2025","15.06.2025",-3.99,"Jedzenie"
"16.06.2025","14.06.2025",-5,"Jedzenie"
"14.06.2025","14.06.2025",-43.23,"Jedzenie"
"14.06.2025","14.06.2025",-8.9,"Jedzenie"
"13.06.2025","13.06.2025",-2.7,"Jedzenie"
"13.06.2025","13.06.2025",-9.74,"Jedzenie"
"12.06.2025","12.06.2025",-23.85,"Gotowe jedzenie"
"12.06.2025","12.06.2025",-63.44,"Jedzenie"
"11.06.2025","11.06.2025",-5.98,"Jedzenie"
"11.06.2025","11.06.2025",-1.79,"Jedzenie"
"11.06.2025","11.06.2025",-9.23,"Jedzenie"
"10.06.2025","10.06.2025",-6.94,"Jedzenie"
"10.06.2025","10.06.2025",-14.99,"Jedzenie"
"09.06.2025","09.06.2025",-11.99,"Gotowe jedzenie"
"09.06.2025","09.06.2025",-4,"Gotowe jedzenie"
"09.06.2025","08.06.2025",-8.5,"Gotowe jedzenie"
"09.06.2025","09.06.2025",-16.73,"Jedzenie"
"09.06.2025","08.06.2025",-5.98,"Jedzenie"
"09.06.2025","09.06.2025",-3.78,"Jedzenie"
"09.06.2025","08.06.2025",-4.8,"Jedzenie"
"07.06.2025","07.06.2025",-46.66,"Jedzenie"
"06.06.2025","06.06.2025",-3.49,"Kosmetyki"
"06.06.2025","06.06.2025",-3.78,"Jedzenie"
"06.06.2025","06.06.2025",-4,"Gotowe jedzenie"
"06.06.2025","06.06.2025",-13.47,"Jedzenie"
"05.06.2025","04.06.2025",-1.99,"Jedzenie"
"05.06.2025","05.06.2025",-4,"Gotowe jedzenie"
"05.06.2025","05.06.2025",-9.06,"Jedzenie"
"04.06.2025","04.06.2025",-28,"Gotowe jedzenie"
"04.06.2025","04.06.2025",-2.49,"Jedzenie"
"03.06.2025","03.06.2025",-8.97,"Jedzenie"
"03.06.2025","03.06.2025",-5.98,"Jedzenie"
"03.06.2025","02.06.2025",-13.95,"Jedzenie"
"02.06.2025","01.06.2025",-3,"Jedzenie"
"02.06.2025","02.06.2025",-5.6,"Jedzenie"
"02.06.2025","31.05.2025",-6,"Jedzenie"
"02.06.2025","01.06.2025",-4,"Gotowe jedzenie"
"02.06.2025","02.06.2025",-20.23,"Jedzenie"
"02.06.2025","02.06.2025",1700,"Przychody"
"31.05.2025","31.05.2025",-9,"Jedzenie"
"31.05.2025","31.05.2025",-50,"Prezenty"
"31.05.2025","31.05.2025",-2.49,"Jedzenie"
"31.05.2025","31.05.2025",-17.36,"Jedzenie"
"31.05.2025","30.05.2025",-30.17,"Jedzenie"
"30.05.2025","30.05.2025",-12.59,"Jedzenie"
"30.05.2025","30.05.2025",-19.13,"Jedzenie"
"29.05.2025","29.05.2025",-5.8,"Jedzenie"
"29.05.2025","29.05.2025",-23.85,"Gotowe jedzenie"
"29.05.2025","29.05.2025",-16,"Biezace"
"29.05.2025","29.05.2025",-4.01,"Jedzenie"
"28.05.2025","28.05.2025",-2.99,"Jedzenie"
"28.05.2025","28.05.2025",-8,"Jedzenie"
"28.05.2025","28.05.2025",-5.48,"Jedzenie"
"28.05.2025","27.05.2025",-5.28,"Jedzenie"
"27.05.2025","27.05.2025",-50,"Jedzenie"
"27.05.2025","27.05.2025",-18.52,"Jedzenie"
"27.05.2025","26.05.2025",-11.37,"Jedzenie"
"27.05.2025","26.05.2025",-4.29,"Kosmetyki"
"26.05.2025","26.05.2025",-2.19,"Jedzenie"
"26.05.2025","26.05.2025",-11.99,"Gotowe jedzenie"
"26.05.2025","24.05.2025",-20.76,"Jedzenie"
"24.05.2025","24.05.2025",-80,"Prezenty"
"24.05.2025","24.05.2025",-9.07,"Jedzenie"
"23.05.2025","23.05.2025",-40.02,"Jedzenie"
"23.05.2025","23.05.2025",-13.32,"Jedzenie"
"22.05.2025","22.05.2025",-8.67,"Jedzenie"
"22.05.2025","21.05.2025",-5.05,"Jedzenie"
"22.05.2025","22.05.2025",-4,"Gotowe jedzenie"
"21.05.2025","21.05.2025",-2.59,"Jedzenie"
"21.05.2025","20.05.2025",-7.81,"Jedzenie"
"20.05.2025","20.05.2025",-4.7,"Jedzenie"
"20.05.2025","19.05.2025",-21.03,"Jedzenie"
"19.05.2025","19.05.2025",-11.99,"Gotowe jedzenie"
"17.05.2025","17.05.2025",-45,"Sport"
"17.05.2025","17.05.2025",-96.95,"Kosmetyki"
"17.05.2025","17.05.2025",-2.4,"Transport publiczny"
"16.05.2025","16.05.2025",-2.4,"Transport publiczny"
"16.05.2025","16.05.2025",-90,"Gotowe jedzenie"
"16.05.2025","16.05.2025",-350,"Kosmetyki"
"12.05.2025","12.05.2025",-3,"Gotowe jedzenie"
"12.05.2025","12.05.2025",-4,"Gotowe jedzenie"
"12.05.2025","12.05.2025",-24.5,"Biezace"
"12.05.2025","12.05.2025",-11.99,"Gotowe jedzenie"
"12.05.2025","12.05.2025",-6.57,"Jedzenie"
"12.05.2025","11.05.2025",-5.99,"Jedzenie"
"12.05.2025","11.05.2025",-3,"Gotowe jedzenie"
"10.05.2025","10.05.2025",-34.79,"Podroze"
"10.05.2025","10.05.2025",-22.09,"Jedzenie"
"10.05.2025","10.05.2025",-23.85,"Gotowe jedzenie"
"10.05.2025","10.05.2025",-14.99,"Biezace"
"09.05.2025","08.05.2025",-3.29,"Jedzenie"
"09.05.2025","08.05.2025",-22.3,"Jedzenie"
"09.05.2025","09.05.2025",-3.5,"Gotowe jedzenie"
"08.05.2025","08.05.2025",-20.02,"Jedzenie"
"08.05.2025","08.05.2025",-5.48,"Jedzenie"
"08.05.2025","08.05.2025",-4,"Gotowe jedzenie"
"08.05.2025","08.05.2025",24.28,"Podroze"
"08.05.2025","08.05.2025",-5.98,"Jedzenie"
"06.05.2025","06.05.2025",-5.48,"Jedzenie"
"06.05.2025","06.05.2025",-4,"Gotowe jedzenie"
"06.05.2025","06.05.2025",-4,"Gotowe jedzenie"
"05.05.2025","05.05.2025",-23,"Biezace"
"05.05.2025","05.05.2025",-32.76,"Jedzenie"
"05.05.2025","05.05.2025",-8.47,"Jedzenie"
"05.05.2025","04.05.2025",-5.5,"Jedzenie"
"05.05.2025","04.05.2025",-19,"Jedzenie"
"30.04.2025","30.04.2025",-24,"Sport"
"30.04.2025","30.04.2025",-20.57,"Jedzenie"
"30.04.2025","30.04.2025",-29.99,"Sport"
"30.04.2025","30.04.2025",-0.87,"Biezace"
"30.04.2025","30.04.2025",1600,"Przychody"
"30.04.2025","30.04.2025",-4.99,"Jedzenie"
"30.04.2025","30.04.2025",-84.47,"Zdrowie"
"30.04.2025","30.04.2025",-41.25,"Kosmetyki"
"29.04.2025","29.04.2025",-23.69,"Jedzenie"
"29.04.2025","29.04.2025",-52.97,"Sport"
"29.04.2025","29.04.2025",-230,"Sport"
"29.04.2025","29.04.2025",-11.92,"Jedzenie"
"28.04.2025","28.04.2025",-2.2,"Jedzenie"
"28.04.2025","27.04.2025",-7.12,"Jedzenie"
"28.04.2025","27.04.2025",-6.57,"Jedzenie"
"28.04.2025","28.04.2025",-1.29,"Jedzenie"
"25.04.2025","25.04.2025",-6.49,"Jedzenie"
"25.04.2025","25.04.2025",-3.98,"Jedzenie"
"25.04.2025","25.04.2025",-11.36,"Jedzenie"
"24.04.2025","24.04.2025",-22.27,"Jedzenie"
"24.04.2025","24.04.2025",-3.84,"Jedzenie"
"24.04.2025","24.04.2025",-4.4,"Jedzenie"
"23.04.2025","23.04.2025",-8.5,"Jedzenie"
"23.04.2025","23.04.2025",-2.8,"Gotowe jedzenie"
"23.04.2025","23.04.2025",-1.99,"Jedzenie"
"22.04.2025","22.04.2025",-6.75,"Jedzenie"
"22.04.2025","22.04.2025",-2.99,"Jedzenie"
"22.04.2025","22.04.2025",-3.69,"Jedzenie"
"22.04.2025","22.04.2025",-10.92,"Jedzenie"
"18.04.2025","18.04.2025",-21.77,"Jedzenie"
"18.04.2025","18.04.2025",-3.79,"Kosmetyki"
"18.04.2025","18.04.2025",-2,"Transport publiczny"
"17.04.2025","17.04.2025",-450,"Podroze"
"17.04.2025","17.04.2025",-7.28,"Jedzenie"
"16.04.2025","16.04.2025",-4,"Gotowe jedzenie"
"16.04.2025","16.04.2025",-2.8,"Gotowe jedzenie"
"16.04.2025","16.04.2025",-8.47,"Jedzenie"
"15.04.2025","15.04.2025",-56,"Biezace"
"15.04.2025","15.04.2025",-16.05,"Jedzenie"
"15.04.2025","15.04.2025",-3,"Gotowe jedzenie"
"15.04.2025","15.04.2025",-17,"Gotowe jedzenie"
"14.04.2025","14.04.2025",-12.3,"Jedzenie"
"14.04.2025","14.04.2025",-11.99,"Gotowe jedzenie"
"14.04.2025","13.04.2025",-7.68,"Jedzenie"
"14.04.2025","13.04.2025",-19,"Jedzenie"
"14.04.2025","14.04.2025",-2.8,"Gotowe jedzenie"
"14.04.2025","14.04.2025",-4,"Gotowe jedzenie"
"14.04.2025","13.04.2025",-2.99,"Jedzenie"
"12.04.2025","11.04.2025",-32.61,"Jedzenie"
"12.04.2025","11.04.2025",3.5,"Jedzenie"
"11.04.2025","11.04.2025",-237.36,"Ubrania"
"11.04.2025","11.04.2025",-7.65,"Gotowe jedzenie"
"11.04.2025","11.04.2025",-3,"Gotowe jedzenie"
"11.04.2025","11.04.2025",-6.67,"Jedzenie"
"10.04.2025","10.04.2025",-3,"Gotowe jedzenie"
"10.04.2025","10.04.2025",-9,"Jedzenie"
"10.04.2025","10.04.2025",-2.8,"Gotowe jedzenie"
"10.04.2025","10.04.2025",-14.99,"Biezace"
"10.04.2025","09.04.2025",-12.09,"Jedzenie"
"09.04.2025","09.04.2025",-3,"Gotowe jedzenie"
"09.04.2025","09.04.2025",-7.8,"Jedzenie"
"09.04.2025","09.04.2025",-7.98,"Jedzenie"
"08.04.2025","08.04.2025",-7.48,"Jedzenie"
"08.04.2025","08.04.2025",-3,"Gotowe jedzenie"
"08.04.2025","08.04.2025",-3,"Gotowe jedzenie"
"07.04.2025","07.04.2025",-2.8,"Gotowe jedzenie"
"07.04.2025","07.04.2025",-11.99,"Gotowe jedzenie"
"07.04.2025","07.04.2025",-3,"Gotowe jedzenie"
"07.04.2025","07.04.2025",-3,"Gotowe jedzenie"
"07.04.2025","07.04.2025",-140,"Transport publiczny"
"05.04.2025","05.04.2025",-18.01,"Jedzenie"
"05.04.2025","05.04.2025",-22.27,"Jedzenie"
"04.04.2025","04.04.2025",-2.2,"Transport publiczny"
"04.04.2025","04.04.2025",-3.4,"Jedzenie"
"04.04.2025","04.04.2025",-1.7,"Transport publiczny"
"04.04.2025","04.04.2025",-6.97,"Jedzenie"
"03.04.2025","03.04.2025",-69.99,"Biezace"
"03.04.2025","02.04.2025",-16.24,"Jedzenie"
"03.04.2025","03.04.2025",-69.99,"Biezace"
"03.04.2025","03.04.2025",-23.4,"Gotowe jedzenie"
"03.04.2025","03.04.2025",-9.5,"Jedzenie"
"03.04.2025","03.04.2025",-3,"Gotowe jedzenie"
"02.04.2025","02.04.2025",-4,"Gotowe jedzenie"
"02.04.2025","02.04.2025",-130,"Podroze"
"02.04.2025","02.04.2025",-3,"Gotowe jedzenie"
"01.04.2025","01.04.2025",-2.8,"Gotowe jedzenie"
"01.04.2025","01.04.2025",-3,"Gotowe jedzenie"
"01.04.2025","01.04.2025",1500,"Przychody"
"31.03.2025","31.03.2025",-17,"Gotowe jedzenie"
"31.03.2025","31.03.2025",-2.5,"Gotowe jedzenie"
"31.03.2025","31.03.2025",-3,"Gotowe jedzenie"
"31.03.2025","31.03.2025",34,"Jedzenie"
"31.03.2025","31.03.2025",-10,"Jedzenie"
"31.03.2025","31.03.2025",-11.99,"Jedzenie"
"31.03.2025","31.03.2025",-3.4,"Transport publiczny"
"31.03.2025","29.03.2025",-5.5,"Jedzenie"
"29.03.2025","29.03.2025",-7.83,"Jedzenie"
"29.03.2025","29.03.2025",-4,"Jedzenie"
"29.03.2025","29.03.2025",-27.76,"Jedzenie"
"29.03.2025","29.03.2025",-50,"Jedzenie"
"29.03.2025","29.03.2025",-14.33,"Jedzenie"
"29.03.2025","29.03.2025",-10,"Jedzenie"
"28.03.2025","27.03.2025",-4.19,"Jedzenie"
"26.03.2025","26.03.2025",-200,"Podroze"
"26.03.2025","26.03.2025",-2.99,"Jedzenie"
"26.03.2025","26.03.2025",-17,"Gotowe jedzenie"
"25.03.2025","25.03.2025",-25.55,"Jedzenie"
"25.03.2025","25.03.2025",-3,"Gotowe jedzenie"
"24.03.2025","24.03.2025",-3.88,"Jedzenie"
"24.03.2025","24.03.2025",-11.99,"Gotowe jedzenie"
"21.03.2025","21.03.2025",-2.5,"Gotowe jedzenie"
"21.03.2025","21.03.2025",400,"Sport"
"20.03.2025","20.03.2025",-47.99,"Biezace"
"20.03.2025","20.03.2025",-8.5,"Biezace"
"20.03.2025","20.03.2025",-1448.98,"Sport"
"20.03.2025","20.03.2025",-16.04,"Jedzenie"
"20.03.2025","20.03.2025",-3,"Jedzenie"
"19.03.2025","19.03.2025",-1.7,"Transport publiczny"
"19.03.2025","19.03.2025",-10.99,"Jedzenie"
"19.03.2025","19.03.2025",-1.7,"Transport publiczny"
"19.03.2025","18.03.2025",-37.89,"Jedzenie"
"18.03.2025","18.03.2025",-2,"Jedzenie"
"18.03.2025","18.03.2025",-9.16,"Jedzenie"
"17.03.2025","17.03.2025",-11.99,"Gotowe jedzenie"
"17.03.2025","17.03.2025",-3,"Gotowe jedzenie"
"17.03.2025","15.03.2025",-46.75,"Jedzenie"
"15.03.2025","15.03.2025",-40,"Gotowe jedzenie"
"15.03.2025","15.03.2025",-45,"Sport"
"14.03.2025","14.03.2025",-7.98,"Jedzenie"
"14.03.2025","14.03.2025",128.09,"Podroze"
"14.03.2025","14.03.2025",-10.99,"Jedzenie"
"14.03.2025","14.03.2025",-3,"Gotowe jedzenie"
"14.03.2025","14.03.2025",-11.99,"Gotowe jedzenie"
"13.03.2025","13.03.2025",-3.5,"Gotowe jedzenie"
"13.03.2025","13.03.2025",-26,"Gotowe jedzenie"
"13.03.2025","13.03.2025",-25,"Biezace"
"12.03.2025","12.03.2025",-3,"Gotowe jedzenie"
"11.03.2025","11.03.2025",23.61,"Podroze"
"11.03.2025","11.03.2025",-2.69,"Jedzenie"
"11.03.2025","11.03.2025",-39.21,"Jedzenie"
"10.03.2025","10.03.2025",-3,"Gotowe jedzenie"
"10.03.2025","10.03.2025",-11.99,"Gotowe jedzenie"
"10.03.2025","10.03.2025",-14.99,"Biezace"
"08.03.2025","07.03.2025",-122.95,"Jedzenie"
"07.03.2025","07.03.2025",-11,"Gotowe jedzenie"
"06.03.2025","05.03.2025",-50,"Jedzenie"
"06.03.2025","06.03.2025",-25,"Gotowe jedzenie"
"06.03.2025","06.03.2025",-8.47,"Jedzenie"
"06.03.2025","06.03.2025",-6.6,"Jedzenie"
"06.03.2025","06.03.2025",-22.56,"Jedzenie"
"05.03.2025","05.03.2025",100.14,"Podroze"
"05.03.2025","05.03.2025",-9.48,"Jedzenie"
"05.03.2025","05.03.2025",-2.5,"Gotowe jedzenie"
"04.03.2025","04.03.2025",1500,"Przychody"
"03.03.2025","03.03.2025",-11.99,"Gotowe jedzenie"
"03.03.2025","02.03.2025",-8.99,"Jedzenie"
"01.03.2025","01.03.2025",-36.21,"Jedzenie"
"01.03.2025","01.03.2025",-23,"Prezenty"
"28.02.2025","28.02.2025",-10.25,"Jedzenie"
"28.02.2025","28.02.2025",-3.5,"Gotowe jedzenie"
"28.02.2025","27.02.2025",-2.89,"Jedzenie"
"27.02.2025","27.02.2025",-37.17,"Jedzenie"
"27.02.2025","27.02.2025",7,"Biezace"
"26.02.2025","26.02.2025",-10.35,"Jedzenie"
"26.02.2025","25.02.2025",-111,"Prezenty"
"25.02.2025","25.02.2025",-3.5,"Gotowe jedzenie"
"25.02.2025","25.02.2025",-17.35,"Gotowe jedzenie"
"25.02.2025","25.02.2025",-170,"Sport"
"24.02.2025","24.02.2025",-11.99,"Gotowe jedzenie"
"24.02.2025","23.02.2025",-1.7,"Transport publiczny"
"22.02.2025","22.02.2025",-3.4,"Transport publiczny"
"21.02.2025","21.02.2025",-7.5,"Transport publiczny"
"20.02.2025","20.02.2025",-1.5,"Transport publiczny"
"20.02.2025","20.02.2025",-1.99,"Jedzenie"
"20.02.2025","20.02.2025",-7.18,"Jedzenie"
"20.02.2025","20.02.2025",-2.2,"Transport publiczny"
"20.02.2025","19.02.2025",-1.7,"Transport publiczny"
"19.02.2025","19.02.2025",-45,"Sport"
"19.02.2025","19.02.2025",-5.09,"Jedzenie"
"19.02.2025","18.02.2025",100,"Przychody"
"19.02.2025","19.02.2025",-2.2,"Transport publiczny"
"19.02.2025","19.02.2025",-3.4,"Transport publiczny"
"19.02.2025","19.02.2025",-6.99,"Biezace"
"19.02.2025","19.02.2025",-50.48,"Biezace"
"19.02.2025","19.02.2025",-14.77,"Jedzenie"
"18.02.2025","18.02.2025",-82.81,"Podroze"
"17.02.2025","17.02.2025",-45,"Sport"
"17.02.2025","17.02.2025",-4.99,"Jedzenie"
"17.02.2025","17.02.2025",300,"Przychody"
"17.02.2025","16.02.2025",-4.99,"Jedzenie"
"14.02.2025","14.02.2025",-6.68,"Kosmetyki"
"14.02.2025","14.02.2025",-47.6,"Jedzenie"
"13.02.2025","13.02.2025",-15.9,"Jedzenie"
"12.02.2025","12.02.2025",-34.79,"Biezace"
"12.02.2025","12.02.2025",-28,"Sport"
"12.02.2025","12.02.2025",-1.99,"Jedzenie"
"12.02.2025","12.02.2025",-5,"Gotowe jedzenie"
"12.02.2025","12.02.2025",-20,"Transport publiczny"
"12.02.2025","12.02.2025",-10.95,"Jedzenie"
"11.02.2025","11.02.2025",-57.74,"Ubrania"
"10.02.2025","10.02.2025",-14.99,"Biezace"
"08.02.2025","08.02.2025",-10.2,"Transport publiczny"
"07.02.2025","07.02.2025",-82.81,"Podroze"
"06.02.2025","06.02.2025",-119.99,"Sport"
"06.02.2025","06.02.2025",-100,"Podroze"
"06.02.2025","06.02.2025",-25.21,"Jedzenie"
"06.02.2025","06.02.2025",-6.98,"Biezace"
"06.02.2025","06.02.2025",-15.46,"Jedzenie"
"06.02.2025","06.02.2025",-3.99,"Jedzenie"
"05.02.2025","05.02.2025",-10.2,"Transport publiczny"
"05.02.2025","05.02.2025",-2.7,"Jedzenie"
"05.02.2025","05.02.2025",-9.5,"Jedzenie"
"04.02.2025","04.02.2025",-80,"Biezace"
"03.02.2025","03.02.2025",-66,"Biezace"
"03.02.2025","03.02.2025",-11.99,"Gotowe jedzenie"
"03.02.2025","03.02.2025",-48.58,"Jedzenie"
"03.02.2025","03.02.2025",-3.95,"Jedzenie"
"03.02.2025","03.02.2025",1500,"Przychody"
"03.02.2025","02.02.2025",-20,"Jedzenie"
"03.02.2025","02.02.2025",-3.99,"Jedzenie"
"01.02.2025","01.02.2025",-20.37,"Jedzenie"
"01.02.2025","01.02.2025",-7.9,"Jedzenie"
"01.02.2025","01.02.2025",-7,"Jedzenie"
"31.01.2025","31.01.2025",-9.87,"Jedzenie"
"31.01.2025","31.01.2025",-5.49,"Jedzenie"
"31.01.2025","31.01.2025",-5,"Gotowe jedzenie"
"30.01.2025","30.01.2025",-9.6,"Jedzenie"
"30.01.2025","30.01.2025",-5.1,"Jedzenie"
"30.01.2025","30.01.2025",-17.52,"Jedzenie"
"29.01.2025","29.01.2025",-3.89,"Jedzenie"
"29.01.2025","29.01.2025",-1.99,"Jedzenie"
"28.01.2025","28.01.2025",-2.4,"Jedzenie"
"27.01.2025","27.01.2025",-2.5,"Gotowe jedzenie"
"27.01.2025","26.01.2025",-5,"Biezace"
"27.01.2025","26.01.2025",-14.42,"Jedzenie"
"27.01.2025","27.01.2025",-3.5,"Jedzenie"
"27.01.2025","26.01.2025",-5,"Biezace"
"27.01.2025","27.01.2025",-11.99,"Gotowe jedzenie"
"27.01.2025","26.01.2025",-8.39,"Jedzenie"
"27.01.2025","27.01.2025",-2.4,"Jedzenie"
"27.01.2025","27.01.2025",-24.45,"Jedzenie"
"27.01.2025","25.01.2025",-1.8,"Jedzenie"
"25.01.2025","25.01.2025",-5.2,"Transport publiczny"
"25.01.2025","25.01.2025",35,"Podroze"
"25.01.2025","25.01.2025",-13,"Biezace"
"25.01.2025","24.01.2025",-1.7,"Transport publiczny"
"24.01.2025","24.01.2025",-26.86,"Jedzenie"
"24.01.2025","24.01.2025",-9.6,"Jedzenie"
"24.01.2025","24.01.2025",-4.9,"Biezace"
"23.01.2025","23.01.2025",-7.98,"Jedzenie"
"23.01.2025","23.01.2025",-50,"Jedzenie"
"23.01.2025","23.01.2025",-17.25,"Gotowe jedzenie"
"23.01.2025","23.01.2025",-1.8,"Jedzenie"
"23.01.2025","22.01.2025",-400,"Podroze"
"22.01.2025","22.01.2025",-27,"Jedzenie"
"22.01.2025","22.01.2025",-9,"Jedzenie"
"21.01.2025","21.01.2025",-20.01,"Jedzenie"
"21.01.2025","21.01.2025",-1.19,"Jedzenie"
"21.01.2025","21.01.2025",-14.37,"Jedzenie"
"20.01.2025","20.01.2025",12,"Jedzenie"
"20.01.2025","20.01.2025",8.38,"Jedzenie"
"20.01.2025","20.01.2025",-11.99,"Gotowe jedzenie"
"20.01.2025","20.01.2025",-11.99,"Gotowe jedzenie"
"20.01.2025","20.01.2025",-22.5,"Prezenty"
"20.01.2025","19.01.2025",-50,"Prezenty"
"20.01.2025","19.01.2025",-16,"Prezenty"
"18.01.2025","18.01.2025",-13.21,"Jedzenie"
"17.01.2025","17.01.2025",-2.29,"Jedzenie"
"17.01.2025","17.01.2025",-34.77,"Jedzenie"
"16.01.2025","16.01.2025",-2.5,"Gotowe jedzenie"
"16.01.2025","16.01.2025",-1.79,"Jedzenie"
"16.01.2025","16.01.2025",-200,"Podroze"
"16.01.2025","16.01.2025",-9.6,"Jedzenie"
"16.01.2025","16.01.2025",-24.98,"Kosmetyki"
"16.01.2025","15.01.2025",-17,"Jedzenie"
"15.01.2025","15.01.2025",-2.5,"Gotowe jedzenie"
"15.01.2025","15.01.2025",-11.9,"Jedzenie"
"15.01.2025","15.01.2025",131.4,"Podroze"
"15.01.2025","15.01.2025",-40.68,"Jedzenie"
"13.01.2025","13.01.2025",-8.87,"Jedzenie"
"13.01.2025","13.01.2025",-11.99,"Gotowe jedzenie"
"13.01.2025","13.01.2025",-4.88,"Jedzenie"
"13.01.2025","12.01.2025",-3.79,"Jedzenie"
"11.01.2025","10.01.2025",-3.14,"Jedzenie"
"11.01.2025","10.01.2025",-16.6,"Jedzenie"
"10.01.2025","09.01.2025",-20,"Jedzenie"
"10.01.2025","10.01.2025",-21,"Gotowe jedzenie"
"10.01.2025","10.01.2025",-16.99,"Sport"
"10.01.2025","10.01.2025",-14.99,"Biezace"
"08.01.2025","08.01.2025",-2.5,"Gotowe jedzenie"
"08.01.2025","08.01.2025",-1.8,"Jedzenie"
"08.01.2025","08.01.2025",-24,"Prezenty"
"08.01.2025","08.01.2025",-19.6,"Jedzenie"
"07.01.2025","07.01.2025",-18.98,"Kosmetyki"
"07.01.2025","07.01.2025",-65.91,"Jedzenie"
"06.01.2025","06.01.2025",-11,"Jedzenie"
"04.01.2025","04.01.2025",-15.26,"Jedzenie"
"04.01.2025","04.01.2025",-7.11,"Jedzenie"
"03.01.2025","03.01.2025",-28,"Gotowe jedzenie"
"03.01.2025","03.01.2025",-5.8,"Jedzenie"
"03.01.2025","03.01.2025",-14.14,"Jedzenie"
"03.01.2025","03.01.2025",-349.9,"Sport"
"03.01.2025","03.01.2025",-140,"Transport publiczny"
"03.01.2025","03.01.2025",-25.99,"Jedzenie"
"02.01.2025","02.01.2025",-4.99,"Kosmetyki"
"02.01.2025","02.01.2025",-3,"Jedzenie"
"01.01.2025","01.01.2025",2550,"Przychody"
"27.12.2024","27.12.2024",-28.99,"Sport"
"27.12.2024","27.12.2024",-43.07,"Jedzenie"
"27.12.2024","27.12.2024",-11.75,"Jedzenie"
"23.12.2024","23.12.2024",-44.5,"Gotowe jedzenie"
"21.12.2024","21.12.2024",58.74,"Podroze"
"20.12.2024","20.12.2024",-32.27,"Jedzenie"
"20.12.2024","20.12.2024",-5.78,"Jedzenie"
"20.12.2024","20.12.2024",160,"Podroze"
"19.12.2024","19.12.2024",-5.48,"Jedzenie"
"19.12.2024","19.12.2024",-3,"Gotowe jedzenie"
"19.12.2024","19.12.2024",-28,"Gotowe jedzenie"
"19.12.2024","19.12.2024",-300,"Podroze"
"19.12.2024","19.12.2024",-6.63,"Jedzenie"
"17.12.2024","17.12.2024",-10.16,"Jedzenie"
"17.12.2024","17.12.2024",-160,"Podroze"
"17.12.2024","17.12.2024",-3,"Gotowe jedzenie"
"17.12.2024","16.12.2024",-46,"Prezenty"
"16.12.2024","16.12.2024",-12.43,"Jedzenie"
"16.12.2024","16.12.2024",-3,"Jedzenie"
"16.12.2024","16.12.2024",-2.5,"Gotowe jedzenie"
"14.12.2024","13.12.2024",-1.19,"Jedzenie"
"14.12.2024","13.12.2024",200,"Podroze"
"13.12.2024","13.12.2024",-800,"Podroze"
"13.12.2024","13.12.2024",-2.9,"Jedzenie"
"13.12.2024","13.12.2024",-9.15,"Jedzenie"
"13.12.2024","13.12.2024",800,"Podroze"
"13.12.2024","13.12.2024",-6.98,"Kosmetyki"
"12.12.2024","12.12.2024",-2.5,"Gotowe jedzenie"
"12.12.2024","12.12.2024",-200,"Podroze"
"12.12.2024","12.12.2024",-14.5,"Gotowe jedzenie"
"12.12.2024","12.12.2024",-28,"Gotowe jedzenie"
"12.12.2024","12.12.2024",-2.5,"Gotowe jedzenie"
"11.12.2024","11.12.2024",-9,"Jedzenie"
"11.12.2024","11.12.2024",-2.5,"Gotowe jedzenie"
"11.12.2024","10.12.2024",-200,"Podroze"
"11.12.2024","10.12.2024",-5.15,"Podroze"
"11.12.2024","10.12.2024",-3.75,"Gotowe jedzenie"
"11.12.2024","10.12.2024",-32,"Jedzenie"
"10.12.2024","10.12.2024",-25.98,"Jedzenie"
"10.12.2024","10.12.2024",-3,"Jedzenie"
"10.12.2024","10.12.2024",-5.51,"Jedzenie"
"10.12.2024","10.12.2024",-14.99,"Biezace"
"09.12.2024","09.12.2024",-9.75,"Jedzenie"
"09.12.2024","09.12.2024",-3,"Jedzenie"
"09.12.2024","09.12.2024",-2.5,"Gotowe jedzenie"
"07.12.2024","07.12.2024",-12.99,"Jedzenie"
"07.12.2024","07.12.2024",-11.61,"Jedzenie"
"07.12.2024","07.12.2024",-52.49,"Ubrania"
"07.12.2024","07.12.2024",-113.99,"Sport"
"06.12.2024","06.12.2024",-4.99,"Jedzenie"
"06.12.2024","06.12.2024",-24.99,"Prezenty"
"05.12.2024","05.12.2024",-3,"Gotowe jedzenie"
"05.12.2024","05.12.2024",-13.24,"Jedzenie"
"04.12.2024","04.12.2024",-18.76,"Jedzenie"
"04.12.2024","04.12.2024",-3,"Jedzenie"
"04.12.2024","04.12.2024",36.58,"Podroze"
"04.12.2024","03.12.2024",-26,"Biezace"
"03.12.2024","03.12.2024",-12.01,"Jedzenie"
"03.12.2024","03.12.2024",-28,"Sport"
"03.12.2024","03.12.2024",-2.9,"Jedzenie"
"03.12.2024","02.12.2024",40.39,"Podroze"
"03.12.2024","02.12.2024",-270,"Podroze"
"02.12.2024","02.12.2024",1700,"Przychody"
"02.12.2024","02.12.2024",-2.5,"Gotowe jedzenie"
"02.12.2024","02.12.2024",-5.6,"Jedzenie"
"02.12.2024","02.12.2024",-2.79,"Jedzenie"
"30.11.2024","29.11.2024",-5.49,"Jedzenie"
"30.11.2024","29.11.2024",-24.36,"Jedzenie"
"29.11.2024","29.11.2024",-9.99,"Zdrowie"
"28.11.2024","28.11.2024",-18.96,"Jedzenie"
"28.11.2024","28.11.2024",-11.9,"Jedzenie"
"27.11.2024","27.11.2024",-26,"Zdrowie"
"27.11.2024","27.11.2024",26,"Biezace"
"26.11.2024","26.11.2024",-7.06,"Jedzenie"
"26.11.2024","26.11.2024",-2.9,"Jedzenie"
"26.11.2024","26.11.2024",-19.17,"Kosmetyki"
"26.11.2024","25.11.2024",-3.99,"Jedzenie"
"25.11.2024","25.11.2024",-5.87,"Jedzenie"
"22.11.2024","22.11.2024",-0.96,"Jedzenie"
"21.11.2024","21.11.2024",-13.27,"Jedzenie"
"21.11.2024","21.11.2024",-5.6,"Jedzenie"
"21.11.2024","20.11.2024",-6.19,"Jedzenie"
"20.11.2024","20.11.2024",-4,"Jedzenie"
"19.11.2024","19.11.2024",-3,"Jedzenie"
"19.11.2024","19.11.2024",-23.03,"Podroze"
"19.11.2024","19.11.2024",-25,"Gotowe jedzenie"
"18.11.2024","18.11.2024",-1.29,"Jedzenie"
"18.11.2024","18.11.2024",-14.07,"Jedzenie"
"18.11.2024","18.11.2024",-300,"Podroze"
"15.11.2024","15.11.2024",-12.96,"Jedzenie"
"15.11.2024","15.11.2024",-0.99,"Jedzenie"
"14.11.2024","13.11.2024",-19.55,"Jedzenie"
"14.11.2024","14.11.2024",-8.47,"Jedzenie"
"14.11.2024","14.11.2024",-1.99,"Jedzenie"
"14.11.2024","14.11.2024",-3,"Gotowe jedzenie"
"13.11.2024","13.11.2024",-4,"Jedzenie"
"13.11.2024","13.11.2024",-2.5,"Gotowe jedzenie"
"12.11.2024","12.11.2024",-14.08,"Jedzenie"
"12.11.2024","11.11.2024",-400,"Podroze"
"11.11.2024","11.11.2024",-583.2,"Podroze"
"11.11.2024","11.11.2024",-2.2,"Jedzenie"
"11.11.2024","11.11.2024",-27,"Gotowe jedzenie"
"11.11.2024","11.11.2024",-10,"Jedzenie"
"11.11.2024","10.11.2024",-14.99,"Biezace"
"09.11.2024","09.11.2024",-42.61,"Jedzenie"
"09.11.2024","08.11.2024",-42,"Biezace"
"08.11.2024","08.11.2024",-17.03,"Jedzenie"
"08.11.2024","08.11.2024",-139.99,"Ubrania"
"08.11.2024","08.11.2024",-3.4,"Transport publiczny"
"08.11.2024","08.11.2024",-424.14,"Jedzenie"
"08.11.2024","08.11.2024",1100,"Podroze"
"07.11.2024","07.11.2024",-39,"Gotowe jedzenie"
"07.11.2024","07.11.2024",-2.5,"Gotowe jedzenie"
"06.11.2024","06.11.2024",-2.7,"Jedzenie"
"05.11.2024","05.11.2024",-200,"Podroze"
"05.11.2024","05.11.2024",-28,"Gotowe jedzenie"
"04.11.2024","04.11.2024",-12.27,"Jedzenie"
"04.11.2024","04.11.2024",-2.65,"Jedzenie"
"04.11.2024","03.11.2024",1500,"Przychody"
"31.10.2024","31.10.2024",-3.29,"Jedzenie"
"31.10.2024","30.10.2024",-1.54,"Jedzenie"
"30.10.2024","30.10.2024",-5.6,"Jedzenie"
"30.10.2024","30.10.2024",-1.38,"Jedzenie"
"29.10.2024","29.10.2024",-3.49,"Jedzenie"
"29.10.2024","29.10.2024",-0.99,"Jedzenie"
"29.10.2024","29.10.2024",-20.15,"Jedzenie"
"28.10.2024","28.10.2024",-8.27,"Jedzenie"
"28.10.2024","28.10.2024",-5.1,"Jedzenie"
"28.10.2024","27.10.2024",-20,"Podroze"
"26.10.2024","26.10.2024",-13.14,"Jedzenie"
"26.10.2024","26.10.2024",-3.98,"Jedzenie"
"26.10.2024","25.10.2024",-21.31,"Jedzenie"
"25.10.2024","25.10.2024",-9.65,"Podroze"
"25.10.2024","25.10.2024",-24.94,"Jedzenie"
"24.10.2024","24.10.2024",-2.2,"Jedzenie"
"23.10.2024","23.10.2024",-7.68,"Jedzenie"
"23.10.2024","23.10.2024",-3,"Gotowe jedzenie"
"23.10.2024","23.10.2024",-2.15,"Jedzenie"
"22.10.2024","22.10.2024",-2.99,"Jedzenie"
"22.10.2024","22.10.2024",-2.8,"Jedzenie"
"21.10.2024","21.10.2024",-1.69,"Jedzenie"
"21.10.2024","21.10.2024",-1.3,"Jedzenie"
"21.10.2024","20.10.2024",-15,"Kino i teatr"
"21.10.2024","19.10.2024",-9.49,"Jedzenie"
"19.10.2024","19.10.2024",-20,"Biezace"
"18.10.2024","18.10.2024",-2.79,"Jedzenie"
"18.10.2024","18.10.2024",-4.95,"Jedzenie"
"18.10.2024","17.10.2024",8,"Jedzenie"
"17.10.2024","17.10.2024",-50,"Jedzenie"
"17.10.2024","17.10.2024",-2.15,"Jedzenie"
"17.10.2024","17.10.2024",-5,"Gotowe jedzenie"
"17.10.2024","17.10.2024",-50,"Jedzenie"
"15.10.2024","15.10.2024",-0.69,"Jedzenie"
"15.10.2024","15.10.2024",-7.67,"Jedzenie"
"15.10.2024","15.10.2024",-3.98,"Jedzenie"
"14.10.2024","14.10.2024",-12.64,"Jedzenie"
"14.10.2024","14.10.2024",-2.5,"Gotowe jedzenie"
"14.10.2024","14.10.2024",-21.97,"Kosmetyki"
"14.10.2024","12.10.2024",-2.79,"Jedzenie"
"14.10.2024","12.10.2024",-2.07,"Jedzenie"
"12.10.2024","12.10.2024",-5.92,"Jedzenie"
"12.10.2024","12.10.2024",-6.66,"Podroze"
"12.10.2024","12.10.2024",-2.57,"Jedzenie"
"11.10.2024","11.10.2024",17,"Biezace"
"11.10.2024","11.10.2024",-6,"Biezace"
"11.10.2024","11.10.2024",-10.81,"Jedzenie"
"11.10.2024","10.10.2024",17,"Biezace"
"11.10.2024","10.10.2024",-68.89,"Jedzenie"
"10.10.2024","10.10.2024",-14.99,"Biezace"
"10.10.2024","09.10.2024",-77.66,"Biezace"
"10.10.2024","09.10.2024",19.95,"Jedzenie"
"10.10.2024","09.10.2024",-30,"Biezace"
"09.10.2024","09.10.2024",-7.77,"Jedzenie"
"09.10.2024","09.10.2024",-4,"Gotowe jedzenie"
"09.10.2024","09.10.2024",-1.95,"Jedzenie"
"09.10.2024","09.10.2024",-27.6,"Jedzenie"
"08.10.2024","08.10.2024",-26.13,"Jedzenie"
"07.10.2024","07.10.2024",-1.25,"Jedzenie"
"07.10.2024","07.10.2024",-0.58,"Biezace"
"07.10.2024","07.10.2024",10,"Podroze"
"07.10.2024","07.10.2024",-17.35,"Podroze"
"07.10.2024","07.10.2024",-22.14,"Jedzenie"
"07.10.2024","07.10.2024",-5.2,"Transport publiczny"
"07.10.2024","07.10.2024",-5.2,"Transport publiczny"
"07.10.2024","05.10.2024",-25,"Kino i teatr"
"05.10.2024","05.10.2024",-140,"Transport publiczny"
"05.10.2024","05.10.2024",30,"Jedzenie"
"05.10.2024","05.10.2024",-67.11,"Jedzenie"
"04.10.2024","04.10.2024",-8.35,"Jedzenie"
"04.10.2024","04.10.2024",-5.26,"Jedzenie"
"04.10.2024","04.10.2024",-80.75,"Zdrowie"
"04.10.2024","03.10.2024",-5.98,"Jedzenie"
"02.10.2024","02.10.2024",-23.66,"Jedzenie"
"02.10.2024","02.10.2024",1500,"Przychody"
"02.10.2024","01.10.2024",-1.25,"Jedzenie"
"02.10.2024","01.10.2024",-25.09,"Jedzenie"
"01.10.2024","01.10.2024",-20,"Transport publiczny"
"01.10.2024","01.10.2024",-10.9,"Jedzenie"
